id,firstname,lastname,email,profession
801,Gabi,Junie,Gabi.Junie@yopmail.com,police officer
802,Nyssa,Waldron,Nyssa.Waldron@yopmail.com,police officer
803,Babita,Desai,Babita.Desai@yopmail.com,firefighter
804,Alia,Kronfeld,Alia.Kronfeld@yopmail.com,worker
805,Kenna,Zina,Kenna.Zina@yopmail.com,worker
806,Leeanne,Oscar,Leeanne.Oscar@yopmail.com,worker
807,Carree,Rugen,Carree.Rugen@yopmail.com,doctor
808,Meriel,Stefa,Meriel.Stefa@yopmail.com,police officer
809,Dennie,Agle,Dennie.Agle@yopmail.com,worker
810,Addia,Colleen,Addia.Colleen@yopmail.com,doctor
811,Lucille,Byrne,Lucille.Byrne@yopmail.com,developer
812,Kristina,Plato,Kristina.Plato@yopmail.com,doctor
813,Emma,Winnick,Emma.Winnick@yopmail.com,worker
814,Lanna,Odysseus,Lanna.Odysseus@yopmail.com,developer
815,Nyssa,Cleo,Nyssa.Cleo@yopmail.com,developer
816,Jasmina,Nester,Jasmina.Nester@yopmail.com,police officer
817,Anestassia,Ashok,Anestassia.Ashok@yopmail.com,developer
818,Ketti,Gemini,Ketti.Gemini@yopmail.com,worker
819,Anallese,Weitman,Anallese.Weitman@yopmail.com,police officer
820,Alie,Drus,Alie.Drus@yopmail.com,police officer
